{"schemaVersion":"1.0","appDefinitionTemplate":{"id":"/providers/Microsoft.PowerApps/apps/","type":"Microsoft.PowerApps/apps","tags":{"primaryDeviceWidth":"640","primaryDeviceHeight":"1136","sienaVersion":"20201114T191530Z-3.20104.40.0","deviceCapabilities":"","supportsPortrait":"true","supportsLandscape":"false","primaryFormFactor":"Phone","publisherVersion":"3.20104.40","minimumRequiredApiVersion":"2.2.0","hasComponent":"false","hasUnlockedComponent":"false","isUnifiedRootApp":"false"},"properties":{"appVersion":"2020-11-14T19:15:30Z","lifeCycleId":"Published","createdByClientVersion":{"major":3,"minor":20104,"build":40,"revision":0,"majorRevision":0,"minorRevision":0},"minClientVersion":{"major":3,"minor":20104,"build":40,"revision":0,"majorRevision":0,"minorRevision":0},"backgroundColor":"rgba(0, 176, 240, 1)","backgroundImageUri":"/5251079625295819768/N7ca3acce-e64a-4967-894b-36652bd5d070-logoSmallFile","displayName":"Hello Resilience","description":"","commitMessage":"","appUris":{"documentUri":{"value":"/5251079625295819768/N4ce0f857-ae4f-4664-8287-e1032f4c9a49-document.msapp"},"imageUris":[]},"createdTime":"0001-01-01T00:00:00Z","lastModifiedTime":"0001-01-01T00:00:00Z","sharedGroupsCount":0,"sharedUsersCount":0,"icons":{"smallIconUri":"/5251079625295819768/N0829c0ce-f763-4a3a-8339-186f7ea61ae2-small.png","mediumIconUri":"/5251079625295819768/Nc2b34e5b-a5b5-4825-a73e-56565e2bf6d9-medium.png","largeIconUri":"/5251079625295819768/N708765fd-4530-4273-a7d1-9443aea71157-large.png","wideIconUri":"/5251079625295819768/N9cda7515-a5ed-4527-9cb3-5541a10312f7-wide.png"},"connectionReferences":{},"databaseReferences":{},"almMode":"Environment","performanceOptimizationEnabled":true,"canConsumeAppPass":true,"executionRestrictions":{"isTeamsOnly":false,"dataLossPreventionEvaluationResult":{"status":"Compliant","lastEvaluationDate":"2020-11-14T17:21:06.2968977Z","violationDetails":[]}}},"isAppComponentLibrary":false,"appType":"ClassicCanvasApp","appComponents":[]}}